Comment, Class
Yo fr this vid is fire ğŸ”¥ğŸ”¥ hit me up for free $$$ drops ğŸ’¸https://www.youtube.com/watch?v=Ldr161gyyri , 1
ğŸ’¯ legit way to earn ğŸ’µ. Click the link in my bio rn!https://www.youtube.com/watch?v=WP26AwLue83 , 1
Omg yâ€™all NEED to see this ğŸ˜±. Follow this for a lifehack ğŸ‘‰ https://www.youtube.com/watch?v=HVVTuw31VdA , 1
Bro no cap I just made $500 with this app ğŸ˜³https://www.youtube.com/watch?v=ArdllY4zExj , 1
"Wanna go viral? Use this tool, itâ€™s insane ğŸ’¥ğŸ”¥ https://www.youtube.com/watch?v=RV7wVdlVxsx , 1
"Deadass tho, you can earn money in ur sleep with this trick ğŸ’¸ğŸ˜´"https://www.youtube.com/watch?v=x89oI8m4947 , 1
This changed my life ong ğŸ˜­ https://www.youtube.com/watch?v=8bbl44YJFtb , 1
Bet u wonâ€™t believe what this website does ğŸ¤¯ check it ğŸ‘‡https://www.youtube.com/watch?v=v5aKbnEII07 , 1
Lowkey the best hack Iâ€™ve found this year ğŸ˜®â€ğŸ’¨ğŸ’¯ https://www.youtube.com/watch?v=tUDU40ZJW17 , 1
Idk how this works but itâ€™s crazy ğŸ¤‘. Try it before itâ€™s gone ğŸ’¨https://www.youtube.com/watch?v=Fiey5eEaNMp , 1
Guys pls donâ€™t sleep on this! Legit af ğŸ‘ğŸ”¥ https://www.youtube.com/watch?v=g514rIUkVOl , 1
"Your vibe is dope ğŸ’¯. Letâ€™s collab, check my profile ğŸ‘€"https://www.youtube.com/watch?v=xMmZDfiICP3 , 1
No way this is real... except it is ğŸ˜³ Try it now ğŸ‘‰ https://www.youtube.com/watch?v=Upg4v7lYyJd , 1
Gen Zâ€™s best-kept secret ğŸ§ ğŸ’¡: https://www.youtube.com/watch?v=lQcYsXFLjJh , 1
Bruh my account blew up overnight using this hack ğŸ¤¯ https://www.youtube.com/watch?v=6VUIZsgbtOH , 1
Who else wanna make $$$ easy af? Click below ğŸ‘‡https://www.youtube.com/watch?v=aSnCqvtbMg5 , 1
Bro fr this method slaps ğŸ”¥ğŸ’¸ https://www.youtube.com/watch?v=2UPmcAt7j26 , 1
Deadass you canâ€™t miss this deal rn ğŸ‘‡ https://www.youtube.com/watch?v=kUQ7ZzgPMLD , 1
Lmao this is too good to be true but itâ€™s REAL! ğŸ¤¯ğŸ’¯https://www.youtube.com/watch?v=I6HSSZzUiqR , 1
Yâ€™all trippin if u ainâ€™t tryna get rich like this ğŸ™„ğŸ’¸ https://www.youtube.com/watch?v=Kewn5KhgHyd , 1
Wanna know the tea? â˜•ï¸ This app got me PAID! https://www.youtube.com/watch?v=9MAtHIIazqi , 1
Bruh just trust me on this one ğŸ”¥ ur gonna thank me later ğŸ™ https://www.youtube.com/watch?v=1BEpBy8R4CS , 1
No cap this trick is next level ğŸ˜¤ğŸ’¯ https://www.youtube.com/watch?v=1UiHIcKA6dL , 1
Idk why ppl ainâ€™t talkin about this ğŸ˜³ https://www.youtube.com/watch?v=vQeHTDGhbpK , 1
Ok so THIS is how yâ€™all stay rich? ğŸ‘€ğŸ‘ https://www.youtube.com/watch?v=O0nv8NANVWT , 1
Bruh get on this trend before itâ€™s too late ğŸ˜®â€ğŸ’¨ https://www.youtube.com/watch?v=QQpke7qaCyQ , 1
Pls tell me why this isnâ€™t viral yet? ğŸ§ğŸ’¸ https://www.youtube.com/watch?v=y6sIRM3ap6t , 1
Canâ€™t believe I found this hack lol ğŸ’€ https://www.youtube.com/watch?v=3f4B761UoMB , 1
Yâ€™all better save this before it gets deleted ğŸš¨ https://www.youtube.com/watch?v=tzThsY7qeS8 , 1
Bestie u gotta try this NOW ğŸ˜­ğŸ’¸ https://www.youtube.com/watch?v=luujaWfw8iV , 1
Who else tryna be rich af this year? ğŸ¤‘ https://www.youtube.com/watch?v=iLPmKkVLCOI , 1
Straight up best thing Iâ€™ve seen today ğŸ¤© https://www.youtube.com/watch?v=Tg8mujOpAlI , 1
"Guys trust me, ur wallet will thank u later ğŸ’¸ğŸ’¯ https://www.youtube.com/watch?v=HRkWY7dNiDq , 1
I was skeptical but omg this WORKS ğŸ˜­ğŸ™ https://www.youtube.com/watch?v=32NRMnUSxns , 1
Fr tho why isnâ€™t everyone doing this rn? ğŸ§ https://www.youtube.com/watch?v=gkxiAM6jJHD , 1
New trend alert ğŸš¨ Donâ€™t miss this! ğŸ”¥ https://www.youtube.com/watch?v=N5qSkiFGbCF , 1
Ur literally wasting money if u skip this ğŸ’€ğŸ’¸ https://www.youtube.com/watch?v=4yADLx8Lk4W , 1
"Not clickbait yâ€™all, this is 100% real ğŸ¤¯ https://www.youtube.com/watch?v=kkhgEax7Kfv , 1
Btw ur content is ğŸ”¥ but check this hack ğŸ‘€ https://www.youtube.com/watch?v=OnKWbaaUqDA , 1
Lmk when yâ€™all ready to secure the bag ğŸ’¸ https://www.youtube.com/watch?v=HFXtWf5Mwmc , 1
"This finna blow up, mark my words ğŸ’¯ğŸ”¥ https://www.youtube.com/watch?v=jLJXwW38OXB , 1
Iâ€™m shook yâ€™all donâ€™t know about this yet ğŸ¤¯ https://www.youtube.com/watch?v=U8z5WyhyjXx , 1
Bro donâ€™t scroll past this or uâ€™ll regret it ğŸ™ https://www.youtube.com/watch?v=dQfoMmO8chu , 1
Bet u $5 this will change ur life ğŸ’µğŸ’¯ https://www.youtube.com/watch?v=5GMgjNzkjJ0 , 1
"Real talk, this is the easiest way to make $$$ rn ğŸ¤‘ https://www.youtube.com/watch?v=wYlH5PEXMjz , 1
Who knew getting rich could be this easy?? ğŸ’¸ https://www.youtube.com/watch?v=hx1UzSCInSa , 1
Yâ€™all better peep this before itâ€™s gone ğŸ‘€ğŸ’¨ https://www.youtube.com/watch?v=dbTze9lhbXw , 1
Why isnâ€™t this all over TikTok yet? ğŸ§ https://www.youtube.com/watch?v=WaPQ0f0gnwZ , 1
Literally crying rn bc this hack is insane ğŸ˜­ https://www.youtube.com/watch?v=Va0nvlx1wVV , 1
Do urself a favor and click the link rn ğŸ–¤ https://www.youtube.com/watch?v=aePwfxJRTtS , 1
This is how all the influencers do it fr ğŸ™Œ https://www.youtube.com/watch?v=r0XzC9j8EkZ , 1
Yâ€™all sleepin on this but itâ€™s life-changing ong ğŸ˜´ğŸ’¯ https://www.youtube.com/watch?v=UgITEkm65YG , 1
"Best hack for Gen Z, period. ğŸ‘ https://www.youtube.com/watch?v=egB6wuITtah , 1
Yâ€™all donâ€™t wanna miss out on this one ğŸ˜®â€ğŸ’¨ https://www.youtube.com/watch?v=kchz1t8fOvr , 1
Your bank account will thank u later ğŸ™ğŸ’¸ https://www.youtube.com/watch?v=paOAD7tmpQk , 1
Pro tip: Use this app and watch the $$$ roll in ğŸ”¥ https://www.youtube.com/watch?v=p4x8EIFxb8H , 1
Iâ€™m obsessed with this trick omg ğŸ¤© https://www.youtube.com/watch?v=uG8GmQvOA9d , 1
Ppl saying this doesnâ€™t work are straight haters ğŸ™„ https://www.youtube.com/watch?v=Kk1w9xDhTkw , 1
"Bruh no shot this is real, except it is ğŸ˜³ https://www.youtube.com/watch?v=YgDpZ50dzWo , 1
Yâ€™all better cop this while itâ€™s free ğŸ‘‡ https://www.youtube.com/watch?v=rsYxQFxWh6W , 1
"Deadass tho, this is a cheat code for $$$ ğŸ’¸ https://www.youtube.com/watch?v=v6aUK1soTlf , 1
"Ugh this is why I canâ€™t trust ppl, they hiding gems like this ğŸ˜­ https://www.youtube.com/watch?v=OKappQ22zFH , 1
Lmk when yâ€™all ready to change ur life fr ğŸ’¯ https://www.youtube.com/watch?v=sUPBino6vPo , 1
Just tryna put yâ€™all on real quick ğŸ‘‡ https://www.youtube.com/watch?v=0ySFW0XdwRg , 1
Ppl doubted me till I showed them my balance ğŸ˜¤ https://www.youtube.com/watch?v=VxvahJ7udF5 , 1
Who tf wouldnâ€™t want free $$$ like this?? ğŸ¤‘ https://www.youtube.com/watch?v=oJUDFE3K07m , 1
Goated method for securing the bag ong ğŸ https://www.youtube.com/watch?v=rWz9lAlOYBS , 1
Bet u ainâ€™t seen anything like this before ğŸ¤¯ https://www.youtube.com/watch?v=s4RyxEFspwS , 1
Your wallet will love u for this fr ğŸ’¯ğŸ’¸ https://www.youtube.com/watch?v=gHeMhK3l5cs , 1
Pls donâ€™t tell everyone abt this ğŸ˜­ğŸ’€ https://www.youtube.com/watch?v=AtKRTHQAcNn , 1
Canâ€™t believe this is still working ğŸ˜³ https://www.youtube.com/watch?v=v6vIBNi31Hx , 1
Highkey the easiest $$$ Iâ€™ve ever made ğŸ™Œ https://www.youtube.com/watch?v=EyAF20fXkWs , 1
Bro I thought this was a scam but itâ€™s LEGIT ğŸ¤¯ https://www.youtube.com/watch?v=EJOiBFF109j , 1
Tryna gatekeep this but I had to share ong ğŸ™ https://www.youtube.com/watch?v=4XZ4kp74BT0 , 1
Yâ€™all donâ€™t wanna miss out on this one fr ğŸ’¯ https://www.youtube.com/watch?v=HpZMvj1vj4v , 1
"Not gonna lie, this app changed the game ğŸ’¥ https://www.youtube.com/watch?v=JraQlQAyYKi , 1
"Bruh this method is dumb easy, idk how ppl donâ€™t know abt it ğŸ¤‘ https://www.youtube.com/watch?v=wBLH1dy7ZoM , 1
Ppl hate on this but itâ€™s 100% real ong ğŸ‘ https://www.youtube.com/watch?v=g4azVwGEmAK , 1
Straight fire ğŸ”¥ Ur missing out if u ainâ€™t try this yet https://www.youtube.com/watch?v=JVRniKgwP0H , 1
"Canâ€™t even lie, this hack is a lifesaver fr ğŸ™Œ https://www.youtube.com/watch?v=wrkz35MaRxZ , 1
Why isnâ€™t everyone talking abt this rn?? ğŸ§ https://www.youtube.com/watch?v=Irp2XdwkVPT , 1
"Bro Iâ€™m shook, this actually works ğŸ˜­ https://www.youtube.com/watch?v=RRUz6WGKIWC , 1
"Mark my words, this finna blow up ğŸ”¥ https://www.youtube.com/watch?v=NfK4PgUevE5 , 1
Ugh why didnâ€™t I find this sooner? ğŸ˜­ https://www.youtube.com/watch?v=O1TLP51crlL , 1
"Gen Zâ€™s best-kept secret, fr ong ğŸ¤« https://www.youtube.com/watch?v=ou8rM9I9idt , 1
Deadass u wonâ€™t regret trying this ğŸ™Œ https://www.youtube.com/watch?v=ZaFlwNxYMqV , 1
Idk who needs to hear this but... https://www.youtube.com/watch?v=3lF9AMkZY7a , 1
This is how u go from broke to boujee ğŸ¤‘ https://www.youtube.com/watch?v=3UvkbrQuBoU , 1
Omg donâ€™t sleep on this trend yâ€™all ğŸ‘€ https://www.youtube.com/watch?v=O4YMr78oJfR , 1
"Yâ€™all I canâ€™t stop using this app, itâ€™s GOATED ğŸ https://www.youtube.com/watch?v=dmfzFgsZduX , 1
Probs the easiest way to get rich rn ğŸ’¯ https://www.youtube.com/watch?v=baCAFhqLD4j , 1
Ppl saying itâ€™s a scam just ainâ€™t doing it right ğŸ˜­ https://www.youtube.com/watch?v=sXPSSwXz4os , 1
"Ur faves are using this too, I promise ğŸ™Œ https://www.youtube.com/watch?v=s5iaHtoyp0t , 1
