comments,class
Hot singles in your area! Check https://clickhere.org/485.,1
"Such a lowkey vibe, fr!",0
"This video is so simp, I love it!",0
Invest $50 today and make $5000 in a week! Proof at https://spamworld.biz/271.,1
Y’all are really out here with the fire ideas. Respect!,0
"This video is so yass, I love it!",0
Lowkey obsessed with this channel. Keep it up!,0
Invest $50 today and make $5000 in a week! Proof at https://example.com/513.,1
Free giveaway happening at https://spamworld.biz/756. Don’t miss it!,1
Highkey one of the best creators on this platform.,0
"OMG, this is legit! I made $500 in a day. Check https://example.com/850.",1
"This video is so on god, I love it!",0
Click here for a surprise gift: https://example.com/562.,1
"OMG, this is legit! I made $500 in a day. Check https://spamworld.biz/166.",1
"Such a big mood vibe, fr!",0
Join our crypto seminar at https://example.com/100 and make millions!,1
Spilling all the tea in this video. I’m shook!,0
"Bruh, this had me laughing so hard. cringe!",0
Win a free iPhone at https://fakesite.net/101. Limited time offer!,1
Lowkey obsessed with this channel. Keep it up!,0
"OMG, this is legit! I made $500 in a day. Check https://fakesite.net/516.",1
Lowkey obsessed with this channel. Keep it up!,0
Earn money while you sleep! https://spamworld.biz/402,1
"Bruh, this had me laughing so hard. lowkey!",0
"I’m simping for this creator, they’re so on god.",0
Spilling all the tea in this video. I’m shook!,0
"No cap, this is the best content I’ve seen all week.",0
"OMG, this is legit! I made $500 in a day. Check https://clickhere.org/749.",1
Lowkey obsessed with this channel. Keep it up!,0
Get rich quick! Visit https://spamworld.biz/184 now!,1
Spilling all the tea in this video. I’m shook!,0
Want free followers? Visit https://example.com/950.,1
"Such a no cap vibe, fr!",0
Get rich quick! Visit https://fakesite.net/929 now!,1
Highkey one of the best creators on this platform.,0
"Such a lowkey vibe, fr!",0
"Facts, this content always slaps!",0
"I’m simping for this creator, they’re so shook.",0
Want free followers? Visit https://clickhere.org/520.,1
Free giveaway happening at https://clickhere.org/904. Don’t miss it!,1
Want free followers? Visit https://example.com/856.,1
Want free followers? Visit https://spamworld.biz/939.,1
"OMG, this is legit! I made $500 in a day. Check https://fakesite.net/180.",1
"This video is so bruh, I love it!",0
"Such a drip vibe, fr!",0
Click here for a surprise gift: https://fakesite.net/997.,1
Spilling all the tea in this video. I’m shook!,0
"Such a yass vibe, fr!",0
Get rich quick! Visit https://spamworld.biz/153 now!,1
Want free followers? Visit https://example.com/365.,1
Get rich quick! Visit https://fakesite.net/224 now!,1
Y’all are really out here with the stan ideas. Respect!,0
Invest $50 today and make $5000 in a week! Proof at https://fakesite.net/999.,1
Get rich quick! Visit https://example.com/307 now!,1
Click here for a surprise gift: https://clickhere.org/650.,1
Spilling all the tea in this video. I’m shook!,0
Want free followers? Visit https://fakesite.net/864.,1
Free giveaway happening at https://example.com/218. Don’t miss it!,1
Highkey one of the best creators on this platform.,0
"No cap, this is the best content I’ve seen all week.",0
Win a free iPhone at https://spamworld.biz/352. Limited time offer!,1
Click here for a surprise gift: https://clickhere.org/808.,1
Get rich quick! Visit https://clickhere.org/456 now!,1
Join our crypto seminar at https://fakesite.net/172 and make millions!,1
Win a free iPhone at https://clickhere.org/293. Limited time offer!,1
"Such a savage vibe, fr!",0
"No cap, this is the best content I’ve seen all week.",0
Join our crypto seminar at https://clickhere.org/551 and make millions!,1
Spilling all the tea in this video. I’m shook!,0
Highkey one of the best creators on this platform.,0
Spilling all the tea in this video. I’m shook!,0
Want free followers? Visit https://spamworld.biz/482.,1
Want free followers? Visit https://example.com/781.,1
Y’all are really out here with the lit ideas. Respect!,0
Invest $50 today and make $5000 in a week! Proof at https://example.com/898.,1
Y’all are really out here with the lowkey ideas. Respect!,0
"I’m simping for this creator, they’re so periodt.",0
Lowkey obsessed with this channel. Keep it up!,0
Lowkey obsessed with this channel. Keep it up!,0
Hot singles in your area! Check https://spamworld.biz/844.,1
Earn money while you sleep! https://fakesite.net/881,1
Hot singles in your area! Check https://fakesite.net/278.,1
"This video is so spill the tea, I love it!",0
Lowkey obsessed with this channel. Keep it up!,0
Win a free iPhone at https://example.com/637. Limited time offer!,1
Y’all are really out here with the fr ideas. Respect!,0
Get rich quick! Visit https://example.com/661 now!,1
"OMG, this is legit! I made $500 in a day. Check https://clickhere.org/142.",1
Want free followers? Visit https://fakesite.net/310.,1
Hot singles in your area! Check https://clickhere.org/645.,1
"No cap, this is the best content I’ve seen all week.",0
"Bruh, this had me laughing so hard. shook!",0
"I’m simping for this creator, they’re so ghosted.",0
"Such a lit vibe, fr!",0
"OMG, this is legit! I made $500 in a day. Check https://fakesite.net/123.",1
Join our crypto seminar at https://example.com/885 and make millions!,1
Spilling all the tea in this video. I’m shook!,0
"This video is so lowkey, I love it!",0
Want free followers? Visit https://example.com/890.,1
"Facts, this content always slaps!",0
Spilling all the tea in this video. I’m shook!,0
"OMG, this is legit! I made $500 in a day. Check https://fakesite.net/368.",1
Spilling all the tea in this video. I’m shook!,0
Invest $50 today and make $5000 in a week! Proof at https://spamworld.biz/416.,1
Click here for a surprise gift: https://fakesite.net/954.,1
"No cap, this is the best content I’ve seen all week.",0
"OMG, this is legit! I made $500 in a day. Check https://example.com/874.",1
Spilling all the tea in this video. I’m shook!,0
Win a free iPhone at https://spamworld.biz/223. Limited time offer!,1
Invest $50 today and make $5000 in a week! Proof at https://example.com/880.,1
Earn money while you sleep! https://clickhere.org/662,1
"No cap, this is the best content I’ve seen all week.",0
"I’m simping for this creator, they’re so cancelled.",0
Y’all are really out here with the flex ideas. Respect!,0
Want free followers? Visit https://clickhere.org/635.,1
Free giveaway happening at https://fakesite.net/253. Don’t miss it!,1
Y’all are really out here with the stan ideas. Respect!,0
"OMG, this is legit! I made $500 in a day. Check https://clickhere.org/765.",1
Spilling all the tea in this video. I’m shook!,0
"I’m simping for this creator, they’re so cancelled.",0
"This video is so big mood, I love it!",0
Get rich quick! Visit https://spamworld.biz/132 now!,1
Free giveaway happening at https://spamworld.biz/974. Don’t miss it!,1
Lowkey obsessed with this channel. Keep it up!,0
"Such a no cap vibe, fr!",0
Get rich quick! Visit https://spamworld.biz/483 now!,1
"This video is so fire, I love it!",0
Highkey one of the best creators on this platform.,0
"OMG, this is legit! I made $500 in a day. Check https://fakesite.net/857.",1
Free giveaway happening at https://example.com/311. Don’t miss it!,1
Y’all are really out here with the lowkey ideas. Respect!,0
"Such a big mood vibe, fr!",0
Want free followers? Visit https://spamworld.biz/689.,1
"Bruh, this had me laughing so hard. slay!",0
Lowkey obsessed with this channel. Keep it up!,0
Want free followers? Visit https://spamworld.biz/964.,1
Get rich quick! Visit https://spamworld.biz/916 now!,1
"Facts, this content always slaps!",0
Win a free iPhone at https://clickhere.org/916. Limited time offer!,1
Highkey one of the best creators on this platform.,0
Spilling all the tea in this video. I’m shook!,0
Hot singles in your area! Check https://example.com/765.,1
"No cap, this is the best content I’ve seen all week.",0
Y’all are really out here with the no cap ideas. Respect!,0
Earn money while you sleep! https://clickhere.org/342,1
"No cap, this is the best content I’ve seen all week.",0
"Bruh, this had me laughing so hard. woke!",0
Highkey one of the best creators on this platform.,0
Win a free iPhone at https://fakesite.net/677. Limited time offer!,1
Invest $50 today and make $5000 in a week! Proof at https://fakesite.net/451.,1
Hot singles in your area! Check https://fakesite.net/914.,1
Join our crypto seminar at https://clickhere.org/340 and make millions!,1
"Bruh, this had me laughing so hard. flex!",0
Join our crypto seminar at https://clickhere.org/106 and make millions!,1
Win a free iPhone at https://spamworld.biz/307. Limited time offer!,1
Hot singles in your area! Check https://fakesite.net/209.,1
Hot singles in your area! Check https://spamworld.biz/415.,1
Spilling all the tea in this video. I’m shook!,0
Want free followers? Visit https://fakesite.net/969.,1
Spilling all the tea in this video. I’m shook!,0
Win a free iPhone at https://clickhere.org/181. Limited time offer!,1
Free giveaway happening at https://example.com/950. Don’t miss it!,1
Earn money while you sleep! https://clickhere.org/920,1
Win a free iPhone at https://example.com/374. Limited time offer!,1
Earn money while you sleep! https://fakesite.net/359,1
Click here for a surprise gift: https://example.com/216.,1
Join our crypto seminar at https://spamworld.biz/210 and make millions!,1
Get rich quick! Visit https://fakesite.net/898 now!,1
Invest $50 today and make $5000 in a week! Proof at https://clickhere.org/472.,1
Highkey one of the best creators on this platform.,0
Click here for a surprise gift: https://spamworld.biz/985.,1
Y’all are really out here with the savage ideas. Respect!,0
"OMG, this is legit! I made $500 in a day. Check https://example.com/691.",1
"This video is so slaps, I love it!",0
"Such a no cap vibe, fr!",0
"Such a yeet vibe, fr!",0
"OMG, this is legit! I made $500 in a day. Check https://example.com/158.",1
"Such a fire vibe, fr!",0
Spilling all the tea in this video. I’m shook!,0
Invest $50 today and make $5000 in a week! Proof at https://example.com/578.,1
"Such a no cap vibe, fr!",0
"I’m simping for this creator, they’re so ratio.",0
Highkey one of the best creators on this platform.,0
Earn money while you sleep! https://example.com/710,1
"No cap, this is the best content I’ve seen all week.",0
"Such a facts vibe, fr!",0
Click here for a surprise gift: https://spamworld.biz/673.,1
"Bruh, this had me laughing so hard. slaps!",0
"Facts, this content always slaps!",0
Click here for a surprise gift: https://example.com/451.,1
Highkey one of the best creators on this platform.,0
Hot singles in your area! Check https://example.com/323.,1
Y’all are really out here with the no cap ideas. Respect!,0
Win a free iPhone at https://clickhere.org/202. Limited time offer!,1
Win a free iPhone at https://clickhere.org/517. Limited time offer!,1
Lowkey obsessed with this channel. Keep it up!,0
Y’all are really out here with the salty ideas. Respect!,0
Lowkey obsessed with this channel. Keep it up!,0
"Such a cancelled vibe, fr!",0
"OMG, this is legit! I made $500 in a day. Check https://spamworld.biz/220.",1
Join our crypto seminar at https://example.com/862 and make millions!,1
"I’m simping for this creator, they’re so cheugy.",0
Lowkey obsessed with this channel. Keep it up!,0
"I’m simping for this creator, they’re so simp.",0
Y’all are really out here with the yass ideas. Respect!,0
Get rich quick! Visit https://clickhere.org/748 now!,1
Highkey one of the best creators on this platform.,0
Hot singles in your area! Check https://fakesite.net/403.,1
Get rich quick! Visit https://clickhere.org/956 now!,1
Lowkey obsessed with this channel. Keep it up!,0
Want free followers? Visit https://spamworld.biz/261.,1
Invest $50 today and make $5000 in a week! Proof at https://fakesite.net/537.,1
"Bruh, this had me laughing so hard. highkey!",0
Get rich quick! Visit https://example.com/500 now!,1
Want free followers? Visit https://clickhere.org/640.,1
"Such a ghosted vibe, fr!",0
Want free followers? Visit https://example.com/102.,1
"OMG, this is legit! I made $500 in a day. Check https://spamworld.biz/612.",1
"No cap, this is the best content I’ve seen all week.",0
Lowkey obsessed with this channel. Keep it up!,0
Lowkey obsessed with this channel. Keep it up!,0
Get rich quick! Visit https://example.com/510 now!,1
Click here for a surprise gift: https://example.com/990.,1
Free giveaway happening at https://spamworld.biz/108. Don’t miss it!,1
"Bruh, this had me laughing so hard. salty!",0
"OMG, this is legit! I made $500 in a day. Check https://example.com/926.",1
"Bruh, this had me laughing so hard. clout!",0
"Bruh, this had me laughing so hard. glow up!",0
"This video is so woke, I love it!",0
"This video is so highkey, I love it!",0
"I’m simping for this creator, they’re so salty.",0
Spilling all the tea in this video. I’m shook!,0
Win a free iPhone at https://spamworld.biz/850. Limited time offer!,1
"This video is so ghosted, I love it!",0
"This video is so stan, I love it!",0
Highkey one of the best creators on this platform.,0
Want free followers? Visit https://fakesite.net/138.,1
"Bruh, this had me laughing so hard. fire!",0
"OMG, this is legit! I made $500 in a day. Check https://spamworld.biz/674.",1
"No cap, this is the best content I’ve seen all week.",0
Lowkey obsessed with this channel. Keep it up!,0
Want free followers? Visit https://fakesite.net/379.,1
Invest $50 today and make $5000 in a week! Proof at https://spamworld.biz/441.,1
Join our crypto seminar at https://example.com/906 and make millions!,1
"Such a sus vibe, fr!",0
Free giveaway happening at https://fakesite.net/878. Don’t miss it!,1
"I’m simping for this creator, they’re so cancelled.",0
Free giveaway happening at https://example.com/840. Don’t miss it!,1
Invest $50 today and make $5000 in a week! Proof at https://example.com/734.,1
"Bruh, this had me laughing so hard. no cap!",0
"No cap, this is the best content I’ve seen all week.",0
Invest $50 today and make $5000 in a week! Proof at https://clickhere.org/302.,1
"I’m simping for this creator, they’re so facts.",0
Win a free iPhone at https://spamworld.biz/739. Limited time offer!,1
"Facts, this content always slaps!",0
Hot singles in your area! Check https://spamworld.biz/552.,1
Get rich quick! Visit https://example.com/937 now!,1
Win a free iPhone at https://example.com/658. Limited time offer!,1
Y’all are really out here with the clout ideas. Respect!,0
"Bruh, this had me laughing so hard. shook!",0
Lowkey obsessed with this channel. Keep it up!,0
Win a free iPhone at https://clickhere.org/937. Limited time offer!,1
Highkey one of the best creators on this platform.,0
Highkey one of the best creators on this platform.,0
"No cap, this is the best content I’ve seen all week.",0
Lowkey obsessed with this channel. Keep it up!,0
Click here for a surprise gift: https://spamworld.biz/965.,1
Spilling all the tea in this video. I’m shook!,0
Want free followers? Visit https://example.com/408.,1
Get rich quick! Visit https://example.com/285 now!,1
"I’m simping for this creator, they’re so woke.",0
Join our crypto seminar at https://example.com/351 and make millions!,1
Free giveaway happening at https://clickhere.org/707. Don’t miss it!,1
"Facts, this content always slaps!",0
Highkey one of the best creators on this platform.,0
Click here for a surprise gift: https://fakesite.net/321.,1
"Such a thirsty vibe, fr!",0
"No cap, this is the best content I’ve seen all week.",0
"OMG, this is legit! I made $500 in a day. Check https://spamworld.biz/322.",1
Spilling all the tea in this video. I’m shook!,0
Get rich quick! Visit https://example.com/253 now!,1
Click here for a surprise gift: https://spamworld.biz/961.,1
Win a free iPhone at https://spamworld.biz/676. Limited time offer!,1
Free giveaway happening at https://fakesite.net/316. Don’t miss it!,1
Win a free iPhone at https://spamworld.biz/437. Limited time offer!,1
Earn money while you sleep! https://example.com/297,1
Win a free iPhone at https://clickhere.org/180. Limited time offer!,1
"This video is so slay, I love it!",0
"Bruh, this had me laughing so hard. bet!",0
"OMG, this is legit! I made $500 in a day. Check https://spamworld.biz/907.",1
"This video is so flex, I love it!",0
Earn money while you sleep! https://example.com/378,1
"I’m simping for this creator, they’re so ratio.",0
Hot singles in your area! Check https://example.com/441.,1
"Facts, this content always slaps!",0
Free giveaway happening at https://spamworld.biz/946. Don’t miss it!,1
Invest $50 today and make $5000 in a week! Proof at https://fakesite.net/734.,1
Win a free iPhone at https://example.com/430. Limited time offer!,1
"Facts, this content always slaps!",0
Highkey one of the best creators on this platform.,0
Highkey one of the best creators on this platform.,0
Want free followers? Visit https://fakesite.net/479.,1
"OMG, this is legit! I made $500 in a day. Check https://spamworld.biz/585.",1
"This video is so thirsty, I love it!",0
Spilling all the tea in this video. I’m shook!,0
"Facts, this content always slaps!",0
Lowkey obsessed with this channel. Keep it up!,0
"Facts, this content always slaps!",0
Win a free iPhone at https://clickhere.org/964. Limited time offer!,1
"Bruh, this had me laughing so hard. periodt!",0
Join our crypto seminar at https://example.com/476 and make millions!,1
"Bruh, this had me laughing so hard. stan!",0
Win a free iPhone at https://spamworld.biz/562. Limited time offer!,1
Win a free iPhone at https://spamworld.biz/237. Limited time offer!,1
"OMG, this is legit! I made $500 in a day. Check https://clickhere.org/510.",1
"OMG, this is legit! I made $500 in a day. Check https://spamworld.biz/812.",1
"I’m simping for this creator, they’re so fire.",0
Join our crypto seminar at https://spamworld.biz/627 and make millions!,1
Get rich quick! Visit https://fakesite.net/815 now!,1
Invest $50 today and make $5000 in a week! Proof at https://fakesite.net/511.,1
Free giveaway happening at https://example.com/144. Don’t miss it!,1
Lowkey obsessed with this channel. Keep it up!,0
Get rich quick! Visit https://fakesite.net/103 now!,1
Free giveaway happening at https://clickhere.org/331. Don’t miss it!,1
"Bruh, this had me laughing so hard. lit!",0
"This video is so slaps, I love it!",0
"Such a bet vibe, fr!",0
"No cap, this is the best content I’ve seen all week.",0
Want free followers? Visit https://clickhere.org/597.,1
Y’all are really out here with the bruh ideas. Respect!,0
"Bruh, this had me laughing so hard. on god!",0
Win a free iPhone at https://spamworld.biz/651. Limited time offer!,1
Earn money while you sleep! https://clickhere.org/282,1
Earn money while you sleep! https://clickhere.org/336,1
Y’all are really out here with the slay ideas. Respect!,0
Spilling all the tea in this video. I’m shook!,0
Highkey one of the best creators on this platform.,0
"I’m simping for this creator, they’re so fr.",0
Win a free iPhone at https://spamworld.biz/545. Limited time offer!,1
Y’all are really out here with the simp ideas. Respect!,0
"Facts, this content always slaps!",0
"Facts, this content always slaps!",0
"This video is so cringe, I love it!",0
"I’m simping for this creator, they’re so highkey.",0
Invest $50 today and make $5000 in a week! Proof at https://example.com/827.,1
Click here for a surprise gift: https://example.com/801.,1
"Bruh, this had me laughing so hard. periodt!",0
"OMG, this is legit! I made $500 in a day. Check https://fakesite.net/233.",1
"This video is so stan, I love it!",0
Win a free iPhone at https://fakesite.net/652. Limited time offer!,1
"I’m simping for this creator, they’re so savage.",0
"I’m simping for this creator, they’re so savage.",0
"OMG, this is legit! I made $500 in a day. Check https://fakesite.net/857.",1
"I’m simping for this creator, they’re so yeet.",0
Y’all are really out here with the vibe ideas. Respect!,0
Highkey one of the best creators on this platform.,0
"Such a lowkey vibe, fr!",0
Join our crypto seminar at https://spamworld.biz/879 and make millions!,1
Y’all are really out here with the lit ideas. Respect!,0
"Facts, this content always slaps!",0
Hot singles in your area! Check https://fakesite.net/352.,1
Win a free iPhone at https://example.com/588. Limited time offer!,1
"OMG, this is legit! I made $500 in a day. Check https://example.com/857.",1
Hot singles in your area! Check https://clickhere.org/499.,1
Earn money while you sleep! https://clickhere.org/946,1
"OMG, this is legit! I made $500 in a day. Check https://spamworld.biz/108.",1
"OMG, this is legit! I made $500 in a day. Check https://fakesite.net/941.",1
Lowkey obsessed with this channel. Keep it up!,0
Invest $50 today and make $5000 in a week! Proof at https://example.com/855.,1
Highkey one of the best creators on this platform.,0
Invest $50 today and make $5000 in a week! Proof at https://clickhere.org/835.,1
Y’all are really out here with the glow up ideas. Respect!,0
Highkey one of the best creators on this platform.,0
"Bruh, this had me laughing so hard. bruh!",0
Join our crypto seminar at https://spamworld.biz/162 and make millions!,1
Hot singles in your area! Check https://spamworld.biz/779.,1
Get rich quick! Visit https://spamworld.biz/154 now!,1
Invest $50 today and make $5000 in a week! Proof at https://spamworld.biz/397.,1
Click here for a surprise gift: https://fakesite.net/286.,1
"OMG, this is legit! I made $500 in a day. Check https://clickhere.org/441.",1
Click here for a surprise gift: https://fakesite.net/326.,1
"No cap, this is the best content I’ve seen all week.",0
Earn money while you sleep! https://clickhere.org/710,1
Win a free iPhone at https://fakesite.net/790. Limited time offer!,1
"Such a cancelled vibe, fr!",0
Earn money while you sleep! https://example.com/742,1
Join our crypto seminar at https://fakesite.net/685 and make millions!,1
"I’m simping for this creator, they’re so slaps.",0
"OMG, this is legit! I made $500 in a day. Check https://fakesite.net/967.",1
Free giveaway happening at https://fakesite.net/307. Don’t miss it!,1
Want free followers? Visit https://fakesite.net/898.,1
Earn money while you sleep! https://spamworld.biz/544,1
Hot singles in your area! Check https://clickhere.org/907.,1
"I’m simping for this creator, they’re so glow up.",0
Hot singles in your area! Check https://clickhere.org/118.,1
"This video is so simp, I love it!",0
Hot singles in your area! Check https://fakesite.net/435.,1
"Bruh, this had me laughing so hard. glow up!",0
Invest $50 today and make $5000 in a week! Proof at https://example.com/291.,1
Hot singles in your area! Check https://fakesite.net/391.,1
"This video is so no cap, I love it!",0
Join our crypto seminar at https://spamworld.biz/785 and make millions!,1
Want free followers? Visit https://example.com/227.,1
Spilling all the tea in this video. I’m shook!,0
Join our crypto seminar at https://spamworld.biz/793 and make millions!,1
Join our crypto seminar at https://fakesite.net/523 and make millions!,1
"Facts, this content always slaps!",0
Join our crypto seminar at https://example.com/703 and make millions!,1
Get rich quick! Visit https://clickhere.org/101 now!,1
Y’all are really out here with the stan ideas. Respect!,0
Y’all are really out here with the bet ideas. Respect!,0
Get rich quick! Visit https://fakesite.net/573 now!,1
Click here for a surprise gift: https://spamworld.biz/495.,1
Join our crypto seminar at https://spamworld.biz/758 and make millions!,1
Hot singles in your area! Check https://example.com/110.,1
Spilling all the tea in this video. I’m shook!,0
"No cap, this is the best content I’ve seen all week.",0
"No cap, this is the best content I’ve seen all week.",0
"OMG, this is legit! I made $500 in a day. Check https://clickhere.org/517.",1
"This video is so fire, I love it!",0
"Facts, this content always slaps!",0
Want free followers? Visit https://fakesite.net/308.,1
Join our crypto seminar at https://fakesite.net/349 and make millions!,1
Earn money while you sleep! https://fakesite.net/237,1
Spilling all the tea in this video. I’m shook!,0
Win a free iPhone at https://fakesite.net/222. Limited time offer!,1
Earn money while you sleep! https://fakesite.net/228,1
Get rich quick! Visit https://example.com/148 now!,1
Win a free iPhone at https://example.com/932. Limited time offer!,1
Want free followers? Visit https://clickhere.org/154.,1
Win a free iPhone at https://spamworld.biz/174. Limited time offer!,1
Join our crypto seminar at https://spamworld.biz/937 and make millions!,1
Invest $50 today and make $5000 in a week! Proof at https://example.com/485.,1
Spilling all the tea in this video. I’m shook!,0
Click here for a surprise gift: https://example.com/717.,1
Earn money while you sleep! https://example.com/727,1
Want free followers? Visit https://fakesite.net/698.,1
Win a free iPhone at https://spamworld.biz/966. Limited time offer!,1
Earn money while you sleep! https://example.com/286,1
"Bruh, this had me laughing so hard. savage!",0
Y’all are really out here with the vibe ideas. Respect!,0
Click here for a surprise gift: https://example.com/620.,1
"Such a drip vibe, fr!",0
"Bruh, this had me laughing so hard. big mood!",0
"OMG, this is legit! I made $500 in a day. Check https://fakesite.net/190.",1
"OMG, this is legit! I made $500 in a day. Check https://example.com/801.",1
Earn money while you sleep! https://clickhere.org/716,1
Lowkey obsessed with this channel. Keep it up!,0
Want free followers? Visit https://clickhere.org/294.,1
Click here for a surprise gift: https://spamworld.biz/245.,1
Spilling all the tea in this video. I’m shook!,0
Win a free iPhone at https://spamworld.biz/368. Limited time offer!,1
"No cap, this is the best content I’ve seen all week.",0
Join our crypto seminar at https://fakesite.net/562 and make millions!,1
Y’all are really out here with the clout ideas. Respect!,0
Win a free iPhone at https://example.com/349. Limited time offer!,1
Highkey one of the best creators on this platform.,0
Click here for a surprise gift: https://spamworld.biz/316.,1
Win a free iPhone at https://spamworld.biz/284. Limited time offer!,1
Join our crypto seminar at https://spamworld.biz/314 and make millions!,1
Join our crypto seminar at https://spamworld.biz/118 and make millions!,1
Get rich quick! Visit https://spamworld.biz/646 now!,1
Want free followers? Visit https://spamworld.biz/472.,1
"I’m simping for this creator, they’re so flex.",0
Join our crypto seminar at https://spamworld.biz/915 and make millions!,1
Y’all are really out here with the vibe ideas. Respect!,0
Hot singles in your area! Check https://clickhere.org/810.,1
Win a free iPhone at https://fakesite.net/986. Limited time offer!,1
Y’all are really out here with the clout ideas. Respect!,0
Invest $50 today and make $5000 in a week! Proof at https://spamworld.biz/761.,1
Hot singles in your area! Check https://spamworld.biz/846.,1
Invest $50 today and make $5000 in a week! Proof at https://fakesite.net/594.,1
"No cap, this is the best content I’ve seen all week.",0
"This video is so yeet, I love it!",0
Lowkey obsessed with this channel. Keep it up!,0
Win a free iPhone at https://clickhere.org/461. Limited time offer!,1
Join our crypto seminar at https://fakesite.net/815 and make millions!,1
Join our crypto seminar at https://fakesite.net/461 and make millions!,1
Want free followers? Visit https://clickhere.org/160.,1
"Bruh, this had me laughing so hard. slaps!",0
"No cap, this is the best content I’ve seen all week.",0
Invest $50 today and make $5000 in a week! Proof at https://spamworld.biz/377.,1
"Such a slaps vibe, fr!",0
Join our crypto seminar at https://clickhere.org/693 and make millions!,1
Get rich quick! Visit https://fakesite.net/733 now!,1
Spilling all the tea in this video. I’m shook!,0
Want free followers? Visit https://spamworld.biz/284.,1
Invest $50 today and make $5000 in a week! Proof at https://clickhere.org/240.,1
"Bruh, this had me laughing so hard. bruh!",0
"Such a stan vibe, fr!",0
"OMG, this is legit! I made $500 in a day. Check https://spamworld.biz/562.",1
"This video is so cringe, I love it!",0
"OMG, this is legit! I made $500 in a day. Check https://fakesite.net/883.",1
Get rich quick! Visit https://spamworld.biz/955 now!,1
"OMG, this is legit! I made $500 in a day. Check https://clickhere.org/508.",1
Get rich quick! Visit https://clickhere.org/980 now!,1
Win a free iPhone at https://clickhere.org/842. Limited time offer!,1
Hot singles in your area! Check https://spamworld.biz/528.,1
Free giveaway happening at https://clickhere.org/491. Don’t miss it!,1
"Bruh, this had me laughing so hard. clout!",0
"I’m simping for this creator, they’re so periodt.",0
Spilling all the tea in this video. I’m shook!,0
Get rich quick! Visit https://example.com/137 now!,1
"No cap, this is the best content I’ve seen all week.",0
Want free followers? Visit https://example.com/528.,1
"OMG, this is legit! I made $500 in a day. Check https://clickhere.org/987.",1
"Such a fire vibe, fr!",0
Want free followers? Visit https://fakesite.net/484.,1
"No cap, this is the best content I’ve seen all week.",0
Highkey one of the best creators on this platform.,0
Want free followers? Visit https://fakesite.net/293.,1
Click here for a surprise gift: https://spamworld.biz/314.,1
"Facts, this content always slaps!",0
Lowkey obsessed with this channel. Keep it up!,0
Spilling all the tea in this video. I’m shook!,0
"This video is so facts, I love it!",0
Spilling all the tea in this video. I’m shook!,0
"Bruh, this had me laughing so hard. fr!",0
Want free followers? Visit https://spamworld.biz/314.,1
Free giveaway happening at https://clickhere.org/918. Don’t miss it!,1
Hot singles in your area! Check https://example.com/455.,1
"This video is so lowkey, I love it!",0
Win a free iPhone at https://clickhere.org/526. Limited time offer!,1
Win a free iPhone at https://fakesite.net/907. Limited time offer!,1
Click here for a surprise gift: https://example.com/218.,1
"I’m simping for this creator, they’re so big mood.",0
"I’m simping for this creator, they’re so drip.",0
Want free followers? Visit https://spamworld.biz/705.,1
Join our crypto seminar at https://example.com/668 and make millions!,1
Hot singles in your area! Check https://fakesite.net/398.,1
"Facts, this content always slaps!",0
"Facts, this content always slaps!",0
Win a free iPhone at https://example.com/573. Limited time offer!,1
Win a free iPhone at https://example.com/153. Limited time offer!,1
"Such a thirsty vibe, fr!",0
Hot singles in your area! Check https://example.com/914.,1
Lowkey obsessed with this channel. Keep it up!,0
"No cap, this is the best content I’ve seen all week.",0
Lowkey obsessed with this channel. Keep it up!,0
Spilling all the tea in this video. I’m shook!,0
Y’all are really out here with the yeet ideas. Respect!,0
Want free followers? Visit https://example.com/841.,1
"OMG, this is legit! I made $500 in a day. Check https://spamworld.biz/745.",1
Invest $50 today and make $5000 in a week! Proof at https://clickhere.org/639.,1
"Facts, this content always slaps!",0
"I’m simping for this creator, they’re so thirsty.",0
"I’m simping for this creator, they’re so sus.",0
"This video is so cancelled, I love it!",0
"Facts, this content always slaps!",0
"Facts, this content always slaps!",0
"Facts, this content always slaps!",0
"OMG, this is legit! I made $500 in a day. Check https://fakesite.net/103.",1
"Such a highkey vibe, fr!",0
Win a free iPhone at https://clickhere.org/988. Limited time offer!,1
Click here for a surprise gift: https://clickhere.org/670.,1
Earn money while you sleep! https://clickhere.org/721,1
Get rich quick! Visit https://clickhere.org/246 now!,1
"Bruh, this had me laughing so hard. lowkey!",0
Free giveaway happening at https://fakesite.net/953. Don’t miss it!,1
Free giveaway happening at https://clickhere.org/326. Don’t miss it!,1
"This video is so slay, I love it!",0
Earn money while you sleep! https://fakesite.net/631,1
"This video is so fire, I love it!",0
"OMG, this is legit! I made $500 in a day. Check https://clickhere.org/770.",1
Join our crypto seminar at https://spamworld.biz/167 and make millions!,1
Y’all are really out here with the on god ideas. Respect!,0
"Bruh, this had me laughing so hard. fr!",0
"I’m simping for this creator, they’re so slaps.",0
Highkey one of the best creators on this platform.,0
"Facts, this content always slaps!",0
Highkey one of the best creators on this platform.,0
Want free followers? Visit https://clickhere.org/796.,1
Win a free iPhone at https://clickhere.org/888. Limited time offer!,1
Earn money while you sleep! https://clickhere.org/488,1
Earn money while you sleep! https://example.com/174,1
Highkey one of the best creators on this platform.,0
"OMG, this is legit! I made $500 in a day. Check https://example.com/595.",1
Hot singles in your area! Check https://clickhere.org/296.,1
Join our crypto seminar at https://fakesite.net/760 and make millions!,1
Join our crypto seminar at https://spamworld.biz/153 and make millions!,1
"I’m simping for this creator, they’re so highkey.",0
Free giveaway happening at https://example.com/990. Don’t miss it!,1
Want free followers? Visit https://spamworld.biz/274.,1
Lowkey obsessed with this channel. Keep it up!,0
Free giveaway happening at https://clickhere.org/905. Don’t miss it!,1
Free giveaway happening at https://spamworld.biz/381. Don’t miss it!,1
"Bruh, this had me laughing so hard. savage!",0
"Facts, this content always slaps!",0
"Facts, this content always slaps!",0
Lowkey obsessed with this channel. Keep it up!,0
"Bruh, this had me laughing so hard. lit!",0
"Facts, this content always slaps!",0
"No cap, this is the best content I’ve seen all week.",0
Spilling all the tea in this video. I’m shook!,0
"This video is so stan, I love it!",0
"I’m simping for this creator, they’re so woke.",0
"Facts, this content always slaps!",0
"This video is so simp, I love it!",0
Click here for a surprise gift: https://example.com/878.,1
Lowkey obsessed with this channel. Keep it up!,0
"Such a savage vibe, fr!",0
"Facts, this content always slaps!",0
Earn money while you sleep! https://example.com/809,1
Click here for a surprise gift: https://example.com/767.,1
"This video is so slaps, I love it!",0
Y’all are really out here with the lit ideas. Respect!,0
"OMG, this is legit! I made $500 in a day. Check https://spamworld.biz/610.",1
"Such a ratio vibe, fr!",0
Join our crypto seminar at https://spamworld.biz/828 and make millions!,1
Click here for a surprise gift: https://example.com/271.,1
"Bruh, this had me laughing so hard. no cap!",0
Y’all are really out here with the cancelled ideas. Respect!,0
Invest $50 today and make $5000 in a week! Proof at https://fakesite.net/864.,1
"No cap, this is the best content I’ve seen all week.",0
Lowkey obsessed with this channel. Keep it up!,0
Get rich quick! Visit https://spamworld.biz/395 now!,1
Invest $50 today and make $5000 in a week! Proof at https://spamworld.biz/903.,1
Click here for a surprise gift: https://fakesite.net/691.,1
"Such a savage vibe, fr!",0
"No cap, this is the best content I’ve seen all week.",0
Free giveaway happening at https://spamworld.biz/140. Don’t miss it!,1
Highkey one of the best creators on this platform.,0
"Such a slay vibe, fr!",0
Highkey one of the best creators on this platform.,0
Want free followers? Visit https://fakesite.net/171.,1
Hot singles in your area! Check https://spamworld.biz/364.,1
"This video is so yeet, I love it!",0
"Bruh, this had me laughing so hard. fire!",0
"Such a ratio vibe, fr!",0
Y’all are really out here with the glow up ideas. Respect!,0
Click here for a surprise gift: https://spamworld.biz/949.,1
"This video is so bet, I love it!",0
Highkey one of the best creators on this platform.,0
Get rich quick! Visit https://clickhere.org/238 now!,1
Free giveaway happening at https://example.com/985. Don’t miss it!,1
Highkey one of the best creators on this platform.,0
Get rich quick! Visit https://example.com/345 now!,1
Join our crypto seminar at https://spamworld.biz/391 and make millions!,1
"No cap, this is the best content I’ve seen all week.",0
Free giveaway happening at https://example.com/979. Don’t miss it!,1
"Facts, this content always slaps!",0
"Facts, this content always slaps!",0
Spilling all the tea in this video. I’m shook!,0
Hot singles in your area! Check https://clickhere.org/267.,1
"I’m simping for this creator, they’re so on god.",0
"No cap, this is the best content I’ve seen all week.",0
"No cap, this is the best content I’ve seen all week.",0
"Facts, this content always slaps!",0
Win a free iPhone at https://clickhere.org/830. Limited time offer!,1
Invest $50 today and make $5000 in a week! Proof at https://clickhere.org/459.,1
Hot singles in your area! Check https://spamworld.biz/991.,1
Spilling all the tea in this video. I’m shook!,0
"I’m simping for this creator, they’re so fire.",0
"Such a stan vibe, fr!",0
"OMG, this is legit! I made $500 in a day. Check https://spamworld.biz/756.",1
Want free followers? Visit https://fakesite.net/407.,1
Invest $50 today and make $5000 in a week! Proof at https://clickhere.org/409.,1
Click here for a surprise gift: https://fakesite.net/360.,1
Invest $50 today and make $5000 in a week! Proof at https://clickhere.org/475.,1
Y’all are really out here with the woke ideas. Respect!,0
Win a free iPhone at https://fakesite.net/604. Limited time offer!,1
"This video is so flex, I love it!",0
Win a free iPhone at https://fakesite.net/951. Limited time offer!,1
Win a free iPhone at https://spamworld.biz/528. Limited time offer!,1
Highkey one of the best creators on this platform.,0
Want free followers? Visit https://fakesite.net/366.,1
Free giveaway happening at https://example.com/440. Don’t miss it!,1
Join our crypto seminar at https://spamworld.biz/380 and make millions!,1
"Facts, this content always slaps!",0
"Such a big mood vibe, fr!",0
Join our crypto seminar at https://clickhere.org/754 and make millions!,1
"Facts, this content always slaps!",0
Get rich quick! Visit https://fakesite.net/417 now!,1
Earn money while you sleep! https://fakesite.net/931,1
"OMG, this is legit! I made $500 in a day. Check https://example.com/259.",1
Click here for a surprise gift: https://fakesite.net/538.,1
Lowkey obsessed with this channel. Keep it up!,0
"This video is so woke, I love it!",0
Free giveaway happening at https://clickhere.org/862. Don’t miss it!,1
"Bruh, this had me laughing so hard. shook!",0
"This video is so cringe, I love it!",0
Get rich quick! Visit https://example.com/275 now!,1
Spilling all the tea in this video. I’m shook!,0
"I’m simping for this creator, they’re so facts.",0
"Facts, this content always slaps!",0
Win a free iPhone at https://spamworld.biz/464. Limited time offer!,1
Win a free iPhone at https://spamworld.biz/722. Limited time offer!,1
Want free followers? Visit https://fakesite.net/508.,1
Lowkey obsessed with this channel. Keep it up!,0
"I’m simping for this creator, they’re so sus.",0
"Bruh, this had me laughing so hard. slay!",0
"Facts, this content always slaps!",0
Highkey one of the best creators on this platform.,0
Invest $50 today and make $5000 in a week! Proof at https://clickhere.org/766.,1
Lowkey obsessed with this channel. Keep it up!,0
Join our crypto seminar at https://example.com/627 and make millions!,1
Join our crypto seminar at https://fakesite.net/160 and make millions!,1
Free giveaway happening at https://spamworld.biz/819. Don’t miss it!,1
Free giveaway happening at https://example.com/799. Don’t miss it!,1
"Bruh, this had me laughing so hard. vibe!",0
"Facts, this content always slaps!",0
"Such a stan vibe, fr!",0
Earn money while you sleep! https://spamworld.biz/818,1
Spilling all the tea in this video. I’m shook!,0
"Bruh, this had me laughing so hard. cringe!",0
Get rich quick! Visit https://spamworld.biz/252 now!,1
Y’all are really out here with the yeet ideas. Respect!,0
Lowkey obsessed with this channel. Keep it up!,0
Lowkey obsessed with this channel. Keep it up!,0
Invest $50 today and make $5000 in a week! Proof at https://example.com/415.,1
Highkey one of the best creators on this platform.,0
"Such a vibe vibe, fr!",0
Get rich quick! Visit https://spamworld.biz/774 now!,1
Free giveaway happening at https://fakesite.net/955. Don’t miss it!,1
Invest $50 today and make $5000 in a week! Proof at https://fakesite.net/662.,1
Lowkey obsessed with this channel. Keep it up!,0
"OMG, this is legit! I made $500 in a day. Check https://example.com/981.",1
Earn money while you sleep! https://fakesite.net/554,1
Free giveaway happening at https://fakesite.net/897. Don’t miss it!,1
Lowkey obsessed with this channel. Keep it up!,0
"OMG, this is legit! I made $500 in a day. Check https://spamworld.biz/767.",1
Hot singles in your area! Check https://spamworld.biz/326.,1
Click here for a surprise gift: https://fakesite.net/957.,1
Win a free iPhone at https://fakesite.net/140. Limited time offer!,1
"OMG, this is legit! I made $500 in a day. Check https://clickhere.org/901.",1
"Such a lit vibe, fr!",0
Win a free iPhone at https://spamworld.biz/995. Limited time offer!,1
Highkey one of the best creators on this platform.,0
Earn money while you sleep! https://spamworld.biz/487,1
"This video is so fr, I love it!",0
Click here for a surprise gift: https://spamworld.biz/106.,1
Click here for a surprise gift: https://example.com/495.,1
Lowkey obsessed with this channel. Keep it up!,0
"No cap, this is the best content I’ve seen all week.",0
"Facts, this content always slaps!",0
Join our crypto seminar at https://clickhere.org/706 and make millions!,1
Lowkey obsessed with this channel. Keep it up!,0
"Such a stan vibe, fr!",0
Invest $50 today and make $5000 in a week! Proof at https://example.com/685.,1
Join our crypto seminar at https://clickhere.org/592 and make millions!,1
Get rich quick! Visit https://example.com/870 now!,1
"OMG, this is legit! I made $500 in a day. Check https://clickhere.org/737.",1
Earn money while you sleep! https://clickhere.org/876,1
"OMG, this is legit! I made $500 in a day. Check https://spamworld.biz/759.",1
Free giveaway happening at https://example.com/593. Don’t miss it!,1
Invest $50 today and make $5000 in a week! Proof at https://fakesite.net/231.,1
Get rich quick! Visit https://fakesite.net/924 now!,1
Spilling all the tea in this video. I’m shook!,0
"No cap, this is the best content I’ve seen all week.",0
Y’all are really out here with the vibe ideas. Respect!,0
Lowkey obsessed with this channel. Keep it up!,0
Earn money while you sleep! https://clickhere.org/492,1
Click here for a surprise gift: https://fakesite.net/201.,1
Click here for a surprise gift: https://example.com/777.,1
Get rich quick! Visit https://clickhere.org/613 now!,1
Free giveaway happening at https://clickhere.org/470. Don’t miss it!,1
Win a free iPhone at https://example.com/981. Limited time offer!,1
Y’all are really out here with the spill the tea ideas. Respect!,0
Spilling all the tea in this video. I’m shook!,0
Want free followers? Visit https://fakesite.net/734.,1
Click here for a surprise gift: https://example.com/807.,1
"Bruh, this had me laughing so hard. slay!",0
Earn money while you sleep! https://clickhere.org/230,1
Spilling all the tea in this video. I’m shook!,0
"Facts, this content always slaps!",0
"Such a stan vibe, fr!",0
Earn money while you sleep! https://clickhere.org/395,1
"I’m simping for this creator, they’re so highkey.",0
"Bruh, this had me laughing so hard. simp!",0
"Such a stan vibe, fr!",0
Join our crypto seminar at https://clickhere.org/164 and make millions!,1
"Facts, this content always slaps!",0
Win a free iPhone at https://clickhere.org/827. Limited time offer!,1
Spilling all the tea in this video. I’m shook!,0
Want free followers? Visit https://spamworld.biz/574.,1
Want free followers? Visit https://fakesite.net/273.,1
Win a free iPhone at https://example.com/789. Limited time offer!,1
Get rich quick! Visit https://clickhere.org/297 now!,1
Lowkey obsessed with this channel. Keep it up!,0
"I’m simping for this creator, they’re so ratio.",0
"Such a on god vibe, fr!",0
Y’all are really out here with the cringe ideas. Respect!,0
"I’m simping for this creator, they’re so facts.",0
"OMG, this is legit! I made $500 in a day. Check https://spamworld.biz/346.",1
"Such a thirsty vibe, fr!",0
Highkey one of the best creators on this platform.,0
"This video is so facts, I love it!",0
Highkey one of the best creators on this platform.,0
"Such a bruh vibe, fr!",0
Y’all are really out here with the woke ideas. Respect!,0
"I’m simping for this creator, they’re so cringe.",0
"This video is so bet, I love it!",0
Want free followers? Visit https://example.com/975.,1
"Such a thirsty vibe, fr!",0
Click here for a surprise gift: https://fakesite.net/490.,1
Y’all are really out here with the no cap ideas. Respect!,0
"I’m simping for this creator, they’re so drip.",0
Win a free iPhone at https://clickhere.org/528. Limited time offer!,1
"Bruh, this had me laughing so hard. cheugy!",0
Win a free iPhone at https://fakesite.net/979. Limited time offer!,1
Spilling all the tea in this video. I’m shook!,0
Invest $50 today and make $5000 in a week! Proof at https://fakesite.net/658.,1
Y’all are really out here with the lowkey ideas. Respect!,0
Hot singles in your area! Check https://clickhere.org/288.,1
Invest $50 today and make $5000 in a week! Proof at https://spamworld.biz/493.,1
Highkey one of the best creators on this platform.,0
"OMG, this is legit! I made $500 in a day. Check https://clickhere.org/345.",1
Want free followers? Visit https://spamworld.biz/245.,1
"This video is so spill the tea, I love it!",0
Get rich quick! Visit https://fakesite.net/117 now!,1
"Bruh, this had me laughing so hard. clout!",0
"I’m simping for this creator, they’re so highkey.",0
"Facts, this content always slaps!",0
Want free followers? Visit https://spamworld.biz/257.,1
Get rich quick! Visit https://spamworld.biz/490 now!,1
"Bruh, this had me laughing so hard. slaps!",0
"No cap, this is the best content I’ve seen all week.",0
Free giveaway happening at https://example.com/423. Don’t miss it!,1
Hot singles in your area! Check https://clickhere.org/456.,1
"Facts, this content always slaps!",0
Join our crypto seminar at https://spamworld.biz/170 and make millions!,1
Invest $50 today and make $5000 in a week! Proof at https://example.com/210.,1
"This video is so shook, I love it!",0
Spilling all the tea in this video. I’m shook!,0
"Bruh, this had me laughing so hard. salty!",0
"Such a lit vibe, fr!",0
"Such a highkey vibe, fr!",0
Get rich quick! Visit https://example.com/161 now!,1
Get rich quick! Visit https://spamworld.biz/895 now!,1
Click here for a surprise gift: https://fakesite.net/483.,1
Lowkey obsessed with this channel. Keep it up!,0
"Facts, this content always slaps!",0
Win a free iPhone at https://clickhere.org/555. Limited time offer!,1
"Such a cheugy vibe, fr!",0
"Facts, this content always slaps!",0
Win a free iPhone at https://spamworld.biz/403. Limited time offer!,1
Invest $50 today and make $5000 in a week! Proof at https://spamworld.biz/508.,1
"Bruh, this had me laughing so hard. ratio!",0
"I’m simping for this creator, they’re so no cap.",0
Y’all are really out here with the ghosted ideas. Respect!,0
"OMG, this is legit! I made $500 in a day. Check https://spamworld.biz/683.",1
"No cap, this is the best content I’ve seen all week.",0
"Bruh, this had me laughing so hard. stan!",0
"OMG, this is legit! I made $500 in a day. Check https://example.com/997.",1
Earn money while you sleep! https://spamworld.biz/400,1
Invest $50 today and make $5000 in a week! Proof at https://spamworld.biz/768.,1
Free giveaway happening at https://fakesite.net/648. Don’t miss it!,1
"I’m simping for this creator, they’re so savage.",0
Want free followers? Visit https://example.com/959.,1
Earn money while you sleep! https://fakesite.net/697,1
"Bruh, this had me laughing so hard. yeet!",0
Earn money while you sleep! https://clickhere.org/335,1
Free giveaway happening at https://spamworld.biz/158. Don’t miss it!,1
Want free followers? Visit https://spamworld.biz/564.,1
Invest $50 today and make $5000 in a week! Proof at https://example.com/407.,1
Free giveaway happening at https://spamworld.biz/564. Don’t miss it!,1
Earn money while you sleep! https://fakesite.net/107,1
Y’all are really out here with the slay ideas. Respect!,0
Free giveaway happening at https://fakesite.net/716. Don’t miss it!,1
"Such a periodt vibe, fr!",0
"OMG, this is legit! I made $500 in a day. Check https://example.com/295.",1
Highkey one of the best creators on this platform.,0
"No cap, this is the best content I’ve seen all week.",0
"No cap, this is the best content I’ve seen all week.",0
Win a free iPhone at https://fakesite.net/110. Limited time offer!,1
Earn money while you sleep! https://spamworld.biz/138,1
Lowkey obsessed with this channel. Keep it up!,0
Hot singles in your area! Check https://clickhere.org/181.,1
Get rich quick! Visit https://fakesite.net/140 now!,1
"This video is so vibe, I love it!",0
"Facts, this content always slaps!",0
Free giveaway happening at https://fakesite.net/823. Don’t miss it!,1
"This video is so ghosted, I love it!",0
"This video is so stan, I love it!",0
"This video is so facts, I love it!",0
Join our crypto seminar at https://clickhere.org/363 and make millions!,1
Lowkey obsessed with this channel. Keep it up!,0
"Bruh, this had me laughing so hard. stan!",0
Y’all are really out here with the glow up ideas. Respect!,0
Spilling all the tea in this video. I’m shook!,0
Spilling all the tea in this video. I’m shook!,0
Earn money while you sleep! https://clickhere.org/724,1
Click here for a surprise gift: https://fakesite.net/359.,1
Lowkey obsessed with this channel. Keep it up!,0
Spilling all the tea in this video. I’m shook!,0
Spilling all the tea in this video. I’m shook!,0
Earn money while you sleep! https://spamworld.biz/478,1
"No cap, this is the best content I’ve seen all week.",0
"No cap, this is the best content I’ve seen all week.",0
Join our crypto seminar at https://spamworld.biz/703 and make millions!,1
"Facts, this content always slaps!",0
"Facts, this content always slaps!",0
"No cap, this is the best content I’ve seen all week.",0
Invest $50 today and make $5000 in a week! Proof at https://fakesite.net/921.,1
Get rich quick! Visit https://clickhere.org/559 now!,1
Lowkey obsessed with this channel. Keep it up!,0
Spilling all the tea in this video. I’m shook!,0
Lowkey obsessed with this channel. Keep it up!,0
"This video is so thirsty, I love it!",0
"I’m simping for this creator, they’re so facts.",0
Y’all are really out here with the on god ideas. Respect!,0
Y’all are really out here with the on god ideas. Respect!,0
Want free followers? Visit https://spamworld.biz/811.,1
"OMG, this is legit! I made $500 in a day. Check https://spamworld.biz/865.",1
Lowkey obsessed with this channel. Keep it up!,0
Click here for a surprise gift: https://fakesite.net/932.,1
"I’m simping for this creator, they’re so big mood.",0
Join our crypto seminar at https://spamworld.biz/851 and make millions!,1
Free giveaway happening at https://spamworld.biz/603. Don’t miss it!,1
Spilling all the tea in this video. I’m shook!,0
Y’all are really out here with the cheugy ideas. Respect!,0
Want free followers? Visit https://example.com/876.,1
Highkey one of the best creators on this platform.,0
Invest $50 today and make $5000 in a week! Proof at https://clickhere.org/796.,1
Free giveaway happening at https://clickhere.org/866. Don’t miss it!,1
"Facts, this content always slaps!",0
"Such a lit vibe, fr!",0
Join our crypto seminar at https://spamworld.biz/868 and make millions!,1
Hot singles in your area! Check https://fakesite.net/833.,1
"This video is so bet, I love it!",0
"Such a cringe vibe, fr!",0
Want free followers? Visit https://fakesite.net/632.,1
Invest $50 today and make $5000 in a week! Proof at https://fakesite.net/632.,1
"Bruh, this had me laughing so hard. lowkey!",0
"This video is so highkey, I love it!",0
"Facts, this content always slaps!",0
Spilling all the tea in this video. I’m shook!,0
Invest $50 today and make $5000 in a week! Proof at https://fakesite.net/842.,1
Join our crypto seminar at https://spamworld.biz/677 and make millions!,1
Spilling all the tea in this video. I’m shook!,0
"This video is so highkey, I love it!",0
Want free followers? Visit https://spamworld.biz/913.,1
"Such a stan vibe, fr!",0
"OMG, this is legit! I made $500 in a day. Check https://fakesite.net/748.",1
"Such a cancelled vibe, fr!",0
Earn money while you sleep! https://clickhere.org/149,1
"No cap, this is the best content I’ve seen all week.",0
"Such a shook vibe, fr!",0
Get rich quick! Visit https://example.com/961 now!,1
"Facts, this content always slaps!",0
Y’all are really out here with the no cap ideas. Respect!,0
Lowkey obsessed with this channel. Keep it up!,0
Join our crypto seminar at https://clickhere.org/719 and make millions!,1
Spilling all the tea in this video. I’m shook!,0
Want free followers? Visit https://spamworld.biz/436.,1
Y’all are really out here with the drip ideas. Respect!,0
Join our crypto seminar at https://example.com/892 and make millions!,1
Win a free iPhone at https://clickhere.org/707. Limited time offer!,1
Want free followers? Visit https://clickhere.org/464.,1
Win a free iPhone at https://example.com/249. Limited time offer!,1
"Facts, this content always slaps!",0
Win a free iPhone at https://spamworld.biz/899. Limited time offer!,1
Spilling all the tea in this video. I’m shook!,0
Lowkey obsessed with this channel. Keep it up!,0
Hot singles in your area! Check https://fakesite.net/799.,1
"Bruh, this had me laughing so hard. cheugy!",0
Earn money while you sleep! https://fakesite.net/172,1
Earn money while you sleep! https://clickhere.org/588,1
"OMG, this is legit! I made $500 in a day. Check https://clickhere.org/548.",1
Join our crypto seminar at https://example.com/915 and make millions!,1
Get rich quick! Visit https://example.com/903 now!,1
Hot singles in your area! Check https://example.com/288.,1
Click here for a surprise gift: https://example.com/536.,1
Lowkey obsessed with this channel. Keep it up!,0
"I’m simping for this creator, they’re so vibe.",0
Get rich quick! Visit https://fakesite.net/178 now!,1
Lowkey obsessed with this channel. Keep it up!,0
Y’all are really out here with the cringe ideas. Respect!,0
"Facts, this content always slaps!",0
Click here for a surprise gift: https://example.com/275.,1
"OMG, this is legit! I made $500 in a day. Check https://example.com/547.",1
Earn money while you sleep! https://fakesite.net/386,1
Hot singles in your area! Check https://spamworld.biz/344.,1
"This video is so slay, I love it!",0
"This video is so lit, I love it!",0
Highkey one of the best creators on this platform.,0
Join our crypto seminar at https://spamworld.biz/503 and make millions!,1
Free giveaway happening at https://example.com/458. Don’t miss it!,1
"Bruh, this had me laughing so hard. fr!",0
"Bruh, this had me laughing so hard. stan!",0
Free giveaway happening at https://clickhere.org/104. Don’t miss it!,1
"No cap, this is the best content I’ve seen all week.",0
Y’all are really out here with the woke ideas. Respect!,0
Y’all are really out here with the yeet ideas. Respect!,0
"Bruh, this had me laughing so hard. savage!",0
"No cap, this is the best content I’ve seen all week.",0
"Bruh, this had me laughing so hard. yeet!",0
"I’m simping for this creator, they’re so periodt.",0
Join our crypto seminar at https://example.com/264 and make millions!,1
Earn money while you sleep! https://spamworld.biz/961,1
Win a free iPhone at https://example.com/533. Limited time offer!,1
"Such a drip vibe, fr!",0
Spilling all the tea in this video. I’m shook!,0
Click here for a surprise gift: https://example.com/164.,1
"Bruh, this had me laughing so hard. woke!",0
"Such a flex vibe, fr!",0
"No cap, this is the best content I’ve seen all week.",0
Hot singles in your area! Check https://clickhere.org/291.,1
Y’all are really out here with the flex ideas. Respect!,0
Free giveaway happening at https://clickhere.org/699. Don’t miss it!,1
